{
  "id": "1778975945570",
  "name": "Pista 1",
  "bpm": 91,
  "duration": 221,
  "size": 3542445,
  "beatProfile": [
    0.6142833971676013,
    0.611280429613847,
    0.969447242713764,
    0.929401747479373,
    0.7954422286716559,
    0.7418194506384526,
    0.78498496293279,
    0.7704624689611845,
    0.7685488206821495,
    0.7904007447016127,
    0.7659698988836374,
    0.7276468787334921,
    0.7321061046491574,
    0.688314565297144,
    0.7727772436749958,
    0.7555803179607293,
    0.6884067791517275,
    0.8000089224378001,
    0.7768236152092918,
    0.756304767785891,
    0.7328605258933898,
    0.7750060134471256,
    0.657138157203849,
    0.7304727006364212,
    0.684031948459584,
    0.7293326369130451,
    0.7234263510249536,
    0.7462483218688184,
    0.7698506227539641,
    0.6707408122269899,
    0.7212775305880944,
    0.7037956081062954,
    0.761733197340255,
    0.6941448878187414,
    0.7585799894249182,
    0.6513162665392792,
    0.6680189321252373,
    0.624190177622434,
    0.6769247361710262,
    0.7332623422073774,
    0.6442693037018459,
    0.6645802675228937,
    0.6492821193579953,
    0.6750164536191907,
    0.6458945058172915,
    0.6890530426662697,
    0.7156253502095163,
    0.6689931948781528,
    0.6979054960530477,
    0.7428005355302358,
    0.8688136423154125,
    0.8103495219367025,
    0.7373352357646874,
    0.6999333576681838,
    0.733714902970022,
    0.7563165723857296,
    0.7518006230682424,
    0.7455740799195938,
    0.7317194656778193,
    0.7180442200309956,
    0.7256151078028251,
    0.7623136923699819,
    0.7271182012978621,
    0.758060970298247,
    0.8023646299848181,
    0.7252341411716694,
    0.7608637962274645,
    0.6520894678287095,
    0.7642507965422027,
    0.7003242892212812,
    0.7072973583298545,
    0.6636193424347309,
    0.6906490398951015,
    0.6933499170075309,
    0.7596146549354496,
    0.7130133908621052,
    0.7186044019506105,
    0.8023691525263147,
    0.7257959328094442,
    0.6832593603961195,
    0.6258393722037854,
    0.6212202476175788,
    0.683358856309045,
    0.8782938091312719,
    0.824138291040416,
    0.7944852895522699,
    0.8286910339158418,
    0.8046889863543425,
    0.7864708861007889,
    0.7695565809034383,
    0.7725342528861097,
    0.8911178971377831,
    0.7383065856942661,
    0.7529026667817488,
    0.746451376316692,
    0.7662930689675314,
    0.7842431128208532,
    0.7783780663789512,
    0.7657062883716567,
    0.78082460802213,
    0.7568915483817656,
    0.7912312059655848,
    0.7619955047470589,
    0.7565539674876791,
    0.8043517887264845,
    0.749700784055389,
    0.7662364988722008,
    0.7927386686956269,
    0.789950790149322,
    0.7365161191810796,
    0.7459173331538625,
    0.7673559428724823,
    0.8728517352991723,
    0.8202078958668724,
    0.8660622507140633,
    0.820924527060972,
    0.7819287213732705,
    0.7478674683778532,
    0.7257834383303942,
    0.7502379700012923,
    0.7568715418846366,
    0.7695397171893831,
    0.6955553841929663,
    0.6820361279011529,
    0.6591142012248882,
    0.6603789031257814,
    0.6863218875217868,
    0.6503278229359082,
    0.7070697748433553,
    0.7349833608799548,
    0.6628089643211336,
    0.7307292590497971,
    0.6250127052754757,
    0.7942116374651017,
    0.6571102554224123,
    0.6608388226000137,
    0.6388774377456833,
    0.7187901327649546,
    0.798956243414528,
    0.7507841243769433,
    0.7341685368781065,
    0.6908712576544015,
    0.7673564794452022,
    1,
    0.7187245942398766,
    0.8455372710310061,
    0.7375433493267776,
    0.7200973005639686,
    0.8077771156640754,
    0.754681711961325,
    0.784880637865385,
    0.7229533238457057,
    0.7408819814434756,
    0.7786832996033501,
    0.741375475039327,
    0.6835714924126318,
    0.6748239006659787,
    0.7387196700353724,
    0.6775299135458703,
    0.6759151362718406,
    0.6808018573388047,
    0.7275492224984634,
    0.7029333357453554,
    0.6751302836890631,
    0.6724148424599499,
    0.7049323757401063,
    0.6654159412075737,
    0.6666727478241593,
    0.763570115720339,
    0.6604147001915258,
    0.8847190374927888,
    0.7233756065762966,
    0.7050925043703848,
    0.7257989222860267,
    0.7269858211425289,
    0.6691642849225672,
    0.6926827271569111,
    0.76906071105697,
    0.7437906655050123,
    0.7164686892187669,
    0.7123707300501113,
    0.7210232717720897,
    0.746146679665013,
    0.7464483101868638,
    0.6907477692755701,
    0.8013537269804554,
    0.748497174791323,
    0.7526809855951687,
    0.7590060281645488,
    0.736342499579557,
    0.7599848134589609,
    0.7264069358309618,
    0.7628512615821138,
    0.7483433317271924,
    0.76783057976989,
    0.7835648082496063,
    0.7819586161390956,
    0.7402281292576087,
    0.730340857053808,
    0.7695519817086959,
    0.8017008128770094,
    0.7677713268109597,
    0.7400348097719397,
    0.7113759242273467,
    0.7696871213808745,
    0.7711949673771452,
    0.7292283884988857,
    0.7530364266955046,
    0.7378808535676183,
    0.7756603255524668,
    0.7802753108634053,
    0.7256258392572239,
    0.7924742149979433,
    0.7765505763480891,
    0.7388104274782876,
    0.7596016238836796,
    0.779129804759584,
    0.7693890169083263,
    0.7581414562062377,
    0.7874339574798314,
    0.7958596822477675,
    0.7646719294741081,
    0.77811767530329,
    0.7889565975525232,
    0.8668025677610859,
    0.7406474225116172,
    0.7592201973330496,
    0.7224779970690866,
    0.7464861768902422,
    0.7467947062042064,
    0.7397686697028506,
    0.7471777424729962,
    0.7323497853172547,
    0.7588747978079011,
    0.7731401201401651,
    0.8178300355318455,
    0.7974657210517868,
    0.7560630801021818,
    0.7488726990420337,
    0.8181729821531314,
    0.7772631449201665,
    0.7662683099691685,
    0.7400314370291287,
    0.7337451043488299,
    0.7386374977559762,
    0.7583754019121306,
    0.6687684475617446,
    0.6872615796608891,
    0.7418653659326301,
    0.6561568423523286,
    0.6318557704793327,
    0.5880615482637197,
    0.635108244347858,
    0.5593439463329164,
    0.6516967732509608,
    0.5877423641486025,
    0.5979721997074605,
    0.5821474437445663,
    0.5732179155192314,
    0.5542181437925972,
    0.6290601499552115,
    0.5596946349320185,
    0.7614668273114288,
    0.7070694682303724,
    0.8389107512462668,
    0.7233345970898442,
    0.6936178967545169,
    0.7591211613395983,
    0.7134548369041226,
    0.8149454972427062,
    0.7525076726066289,
    0.8140706537494705,
    0.7518696109893772,
    0.726174293230246,
    0.7232187740355833,
    0.9203772075559864,
    0.7179494766193036,
    0.7178928298707273,
    0.7374244601426885,
    0.7636794232487147,
    0.7297232618531597,
    0.7614167727419832,
    0.7657706770980491,
    0.7429108395508058,
    0.6203588567689645,
    0.774050760699145,
    0.7102276586066801,
    0.7129838793625087,
    0.6584474712937427,
    0.7220773305537844,
    0.7387963999343234,
    0.7281350832553898,
    0.7427538537036013,
    0.7604676522536591,
    0.687964106657779,
    0.730433224214883,
    0.6882210483373834,
    0.7404143966446728,
    0.7328577663765443,
    0.7193523843222036,
    0.731949578721427,
    0.7926055986610824,
    0.7677745462472794,
    0.7171650073027547,
    0.7239695159240219,
    0.7417130559334135,
    0.6938687828277106,
    0.6725644695955667,
    0.7768922965174437,
    0.7268529044144757,
    0.7859527101598205,
    0.7450664821265327,
    0.7105035336379738,
    0.8394763755463268,
    0.6569773386943591,
    0.6115514754906612,
    0.5305687394879656,
    0.6088808764102855,
    0.6443862765547923,
    0.5693662049024043,
    0.49909621990651065,
    0.000053025425427669534,
    0,
    0,
    0,
    0,
    0,
    0,
    0,
    0,
    0,
    0,
    0,
    0,
    0,
    0
  ],
  "createdAt": 1778975953658
}